{
    "left_chest": [
        0.0558990016579628,
        1.426524043083191,
        -0.00468500005081296
    ],
    "middle_chest": [
        0.0,
        1.423354983329773,
        0.008914999663829803
    ],
    "right_chest": [
        -0.0558990016579628,
        1.426524043083191,
        -0.00468500005081296
    ],
    "middle_middle_chest": [
        0.0,
        1.366752028465271,
        0.05017400160431862
    ],
    "left_waist": [
        0.06269700080156326,
        1.1668280363082886,
        0.06784199923276901
    ],
    "right_waist": [
        -0.06269700080156326,
        1.1668280363082886,
        0.06784199923276901
    ],
    "middle_waist": [
        -0.009996999986469746,
        1.166450023651123,
        0.08784700185060501
    ],
    "left_back": [
        0.08124999701976776,
        1.4380040168762207,
        -0.09297700226306915
    ],
    "middle_back": [
        0.0,
        1.4404040575027466,
        -0.09498000144958496
    ],
    "right_back": [
        -0.08124999701976776,
        1.4380040168762207,
        -0.09297700226306915
    ],
    "middle_middle_back": [
        0.0,
        1.3297940492630005,
        -0.0701489970088005
    ],
    "left_down_back": [
        0.05595099925994873,
        1.1790310144424438,
        -0.0352029986679554
    ],
    "middle_down_back": [
        0.0,
        1.179075002670288,
        -0.032290998846292496
    ],
    "right_down_back": [
        -0.0661730021238327,
        1.1790070533752441,
        -0.03101399913430214
    ],
    "top_head": [
        1.9999999949504854e-06,
        1.700435996055603,
        -0.014434999786317348
    ],
    "top_left_arm": [
        0.23659199476242065,
        1.3690160512924194,
        -0.06242699921131134
    ],
    "outter_left_elbow": [
        0.31906700134277344,
        1.3039590120315552,
        -0.06478700041770935
    ],
    "inner_left_elbow": [
        0.29375898838043213,
        1.2606569528579712,
        -0.06859300285577774
    ],
    "lower_left_arm": [
        0.42023399472236633,
        1.2357909679412842,
        -0.06863000243902206
    ],
    "front_left_wrist": [
        0.4908050000667572,
        1.155168056488037,
        -0.04707000032067299
    ],
    "back_left_wrist": [
        0.4962199926376343,
        1.1559059619903564,
        -0.08468399941921234
    ],
    "top_right_arm": [
        -0.2237360030412674,
        1.3791849613189697,
        -0.07039999961853027
    ],
    "outter_right_elbow": [
        -0.3127650022506714,
        1.3066550493240356,
        -0.06359300017356873
    ],
    "inner_right_elbow": [
        -0.29507800936698914,
        1.263192057609558,
        -0.0595880001783371
    ],
    "lower_right_arm": [
        -0.3918969929218292,
        1.2599680423736572,
        -0.06923200190067291
    ],
    "front_right_wrist": [
        -0.49421998858451843,
        1.1589939594268799,
        -0.04705100134015083
    ],
    "back_right_wrist": [
        -0.4962199926376343,
        1.15590500831604,
        -0.08468399941921234
    ],
    "left_upper_leg": [
        0.13416899740695953,
        0.652463972568512,
        -0.013384000398218632
    ],
    "left_outter_knee": [
        0.12092100083827972,
        0.5432220101356506,
        -0.02747100032866001
    ],
    "left_inner_knee": [
        0.04592899978160858,
        0.5415880084037781,
        -0.024233000352978706
    ],
    "left_lower_leg": [
        0.13582099974155426,
        0.3612760007381439,
        -0.07083500176668167
    ],
    "left_ankle": [
        0.12239500135183334,
        0.13623900711536407,
        -0.07388799637556076
    ],
    "left_front_foot": [
        0.09725599735975266,
        0.02749600075185299,
        0.03829700127243996
    ],
    "left_back_foot": [
        0.09558700025081635,
        0.12157399952411652,
        -0.12564900517463684
    ],
    "right_upper_leg": [
        -0.14659500122070312,
        0.7251150012016296,
        -0.005642999894917011
    ],
    "right_outter_knee": [
        -0.12109000235795975,
        0.5528889894485474,
        -0.026141000911593437
    ],
    "right_inner_knee": [
        -0.044829998165369034,
        0.5526610016822815,
        -0.023067999631166458
    ],
    "right_lower_leg": [
        -0.13582099974155426,
        0.3612770140171051,
        -0.0708409994840622
    ],
    "right_ankle": [
        -0.12078200280666351,
        0.1411769986152649,
        -0.07328200340270996
    ],
    "right_front_foot": [
        -0.09725700318813324,
        0.02749600075185299,
        0.0382860004901886
    ],
    "right_back_foot": [
        -0.09558799862861633,
        0.1215749979019165,
        -0.1256590038537979
    ]
}