{
    "left_chest": [
        0.05377500131726265,
        1.4585410356521606,
        0.03560199961066246
    ],
    "middle_chest": [
        0.0,
        1.4462699890136719,
        0.04292500019073486
    ],
    "right_chest": [
        -0.05377500131726265,
        1.4585410356521606,
        0.03560199961066246
    ],
    "middle_middle_chest": [
        0.0,
        1.407876968383789,
        0.07195500284433365
    ],
    "left_waist": [
        0.08399199694395065,
        1.1243419647216797,
        0.07201699912548065
    ],
    "right_waist": [
        -0.08399199694395065,
        1.1243419647216797,
        0.07201699912548065
    ],
    "middle_waist": [
        0.0,
        1.1279959678649902,
        0.10392200201749802
    ],
    "left_back": [
        0.0565899983048439,
        1.4612369537353516,
        -0.07496800273656845
    ],
    "middle_back": [
        0.0,
        1.4741109609603882,
        -0.07518699765205383
    ],
    "right_back": [
        -0.0565899983048439,
        1.4612369537353516,
        -0.07496800273656845
    ],
    "middle_middle_back": [
        0.0,
        1.3363300561904907,
        -0.06238099932670593
    ],
    "left_down_back": [
        0.07381100207567215,
        1.1494319438934326,
        -0.02442999929189682
    ],
    "middle_down_back": [
        0.0,
        1.1432859897613525,
        -0.030720999464392662
    ],
    "right_down_back": [
        -0.07381100207567215,
        1.1494319438934326,
        -0.02442999929189682
    ],
    "front_left_head": [
        0.038137998431921005,
        1.725733995437622,
        0.07579399645328522
    ],
    "front_right_head": [
        -0.038137998431921005,
        1.725733995437622,
        0.07579399645328522
    ],
    "top_head": [
        0.0,
        1.7707109451293945,
        0.021872999146580696
    ],
    "top_left_arm": [
        0.181986004114151,
        1.4243170022964478,
        -0.04868699982762337
    ],
    "outter_left_elbow": [
        0.24477499723434448,
        1.377295970916748,
        -0.05479300022125244
    ],
    "inner_left_elbow": [
        0.20607799291610718,
        1.3073110580444336,
        -0.04168400168418884
    ],
    "lower_left_arm": [
        0.4153920114040375,
        1.2132790088653564,
        -0.03691700100898743
    ],
    "front_left_wrist": [
        0.45353400707244873,
        1.1536580324172974,
        -0.014565999619662762
    ],
    "back_left_wrist": [
        0.4524959921836853,
        1.1435760259628296,
        -0.056134000420570374
    ],
    "top_right_arm": [
        -0.19380000233650208,
        1.4123400449752808,
        -0.05144000053405762
    ],
    "outter_right_elbow": [
        -0.24477499723434448,
        1.377295970916748,
        -0.05479300022125244
    ],
    "inner_right_elbow": [
        -0.18495799601078033,
        1.3332270383834839,
        -0.04775900021195412
    ],
    "lower_right_arm": [
        -0.3740200102329254,
        1.2502659559249878,
        -0.04082300141453743
    ],
    "front_right_wrist": [
        -0.4438759982585907,
        1.1502289772033691,
        -0.010882999747991562
    ],
    "back_right_wrist": [
        -0.4454430043697357,
        1.1552350521087646,
        -0.057507000863552094
    ],
    "left_upper_leg": [
        0.14928600192070007,
        0.7560189962387085,
        0.012395000085234642
    ],
    "left_outter_knee": [
        0.11617200076580048,
        0.570809006690979,
        0.00890900008380413
    ],
    "left_inner_knee": [
        0.03360600024461746,
        0.5918160080909729,
        0.030587000772356987
    ],
    "left_lower_leg": [
        0.1294430047273636,
        0.3360390067100525,
        -0.027723999693989754
    ],
    "left_ankle": [
        0.10968299955129623,
        0.17139799892902374,
        -0.02885800041258335
    ],
    "left_front_foot": [
        0.07528600096702576,
        0.02657799981534481,
        0.12294299900531769
    ],
    "left_back_foot": [
        0.07605700194835663,
        0.11468099802732468,
        -0.09632699936628342
    ],
    "right_upper_leg": [
        -0.13924500346183777,
        0.7035890221595764,
        0.01196100004017353
    ],
    "right_outter_knee": [
        -0.11617200076580048,
        0.570809006690979,
        0.00890900008380413
    ],
    "right_inner_knee": [
        -0.03360600024461746,
        0.5918160080909729,
        0.030587000772356987
    ],
    "right_lower_leg": [
        -0.1294430047273636,
        0.3360390067100525,
        -0.027723999693989754
    ],
    "right_ankle": [
        -0.10968299955129623,
        0.17139799892902374,
        -0.02885800041258335
    ],
    "right_front_foot": [
        -0.07528600096702576,
        0.02657799981534481,
        0.12294299900531769
    ],
    "right_back_foot": [
        -0.07496099919080734,
        0.13318000733852386,
        -0.08941700309515
    ]
}