{
    "left_chest": [
        0.056515999138355255,
        1.2687040567398071,
        -0.011335000395774841
    ],
    "middle_chest": [
        7.000000096013537e-06,
        1.2609909772872925,
        0.015135000459849834
    ],
    "right_chest": [
        -0.05787700042128563,
        1.2569199800491333,
        -0.008968999609351158
    ],
    "middle_middle_chest": [
        -0.0,
        1.1768180131912231,
        0.05607200041413307
    ],
    "left_waist": [
        0.05923499912023544,
        0.9484630227088928,
        0.053272999823093414
    ],
    "right_waist": [
        -0.07248599827289581,
        0.9537349939346313,
        0.05042799934744835
    ],
    "middle_waist": [
        -0.0,
        0.9513270258903503,
        0.0737840011715889
    ],
    "left_back": [
        0.07273100316524506,
        1.2655919790267944,
        -0.09539200365543365
    ],
    "middle_back": [
        -0.0,
        1.2674249410629272,
        -0.09238500148057938
    ],
    "right_back": [
        -0.08119700103998184,
        1.2654340267181396,
        -0.08964899927377701
    ],
    "middle_middle_back": [
        -0.00011899999663000926,
        1.1290340423583984,
        -0.05893699824810028
    ],
    "left_down_back": [
        0.06467600166797638,
        0.981016993522644,
        -0.049001000821590424
    ],
    "right_down_back": [
        -0.06467600166797638,
        0.9810159802436829,
        -0.049001000821590424
    ],
    "top_head": [
        0.0001340000017080456,
        1.5007610321044922,
        0.011877000331878662
    ],
    "top_left_arm": [
        0.2019300013780594,
        1.2072019577026367,
        -0.05826200172305107
    ],
    "outter_left_elbow": [
        0.28054800629615784,
        1.1593760251998901,
        -0.06370600312948227
    ],
    "inner_left_elbow": [
        0.2561669945716858,
        1.1251089572906494,
        -0.047818999737501144
    ],
    "lower_left_arm": [
        0.3452880084514618,
        1.1143029928207397,
        -0.06344900280237198
    ],
    "front_left_wrist": [
        0.43314799666404724,
        1.024055004119873,
        -0.040337998420000076
    ],
    "back_left_wrist": [
        0.43768900632858276,
        1.026216983795166,
        -0.07639399915933609
    ],
    "top_right_arm": [
        -0.21451599895954132,
        1.1986520290374756,
        -0.06706900149583817
    ],
    "outter_right_elbow": [
        -0.28054800629615784,
        1.1593749523162842,
        -0.06370600312948227
    ],
    "inner_right_elbow": [
        -0.2586379945278168,
        1.1164510250091553,
        -0.053964000195264816
    ],
    "lower_right_arm": [
        -0.3452880084514618,
        1.1143029928207397,
        -0.06344900280237198
    ],
    "front_right_wrist": [
        -0.4289509952068329,
        1.0252799987792969,
        -0.04170000180602074
    ],
    "back_right_wrist": [
        -0.4349629878997803,
        1.029891014099121,
        -0.0759819969534874
    ],
    "left_upper_leg": [
        0.14252999424934387,
        0.6765720248222351,
        -0.010281000286340714
    ],
    "left_outter_knee": [
        0.1170860007405281,
        0.48510798811912537,
        -0.03029699996113777
    ],
    "left_inner_knee": [
        0.04770100116729736,
        0.47165700793266296,
        -0.024785999208688736
    ],
    "left_lower_leg": [
        0.13203099370002747,
        0.3204919993877411,
        -0.06550200283527374
    ],
    "left_ankle": [
        0.11118999868631363,
        0.13278800249099731,
        -0.07060699909925461
    ],
    "left_front_foot": [
        0.08813799917697906,
        0.025541000068187714,
        0.0390079990029335
    ],
    "left_back_foot": [
        0.08833999931812286,
        0.1165120005607605,
        -0.10837800055742264
    ],
    "right_upper_leg": [
        -0.14252999424934387,
        0.6765720248222351,
        -0.010281000286340714
    ],
    "right_outter_knee": [
        -0.11761599779129028,
        0.503445029258728,
        -0.03902599960565567
    ],
    "right_inner_knee": [
        -0.045127999037504196,
        0.48944398760795593,
        -0.021623000502586365
    ],
    "right_lower_leg": [
        -0.13203099370002747,
        0.3204919993877411,
        -0.06550200283527374
    ],
    "right_ankle": [
        -0.11054299771785736,
        0.14504900574684143,
        -0.07049299776554108
    ],
    "right_front_foot": [
        -0.08813799917697906,
        0.025541000068187714,
        0.0390079990029335
    ],
    "right_back_foot": [
        -0.08833999931812286,
        0.1165120005607605,
        -0.10837800055742264
    ]
}