{
    "left_chest": [
        0.04033700004220009,
        1.0422919988632202,
        0.04307299852371216
    ],
    "middle_chest": [
        0.0,
        1.0461339950561523,
        0.04935700073838234
    ],
    "right_chest": [
        -0.04033700004220009,
        1.0422919988632202,
        0.04307299852371216
    ],
    "middle_middle_chest": [
        2.9000000722589903e-05,
        1.0042270421981812,
        0.08107800036668777
    ],
    "left_waist": [
        0.07573500275611877,
        0.765591025352478,
        0.08412600308656693
    ],
    "right_waist": [
        -0.0757329985499382,
        0.765591025352478,
        0.08412600308656693
    ],
    "middle_waist": [
        0.0,
        0.7657150030136108,
        0.1056710034608841
    ],
    "left_back": [
        0.03602299839258194,
        1.0694719552993774,
        -0.03113899938762188
    ],
    "middle_back": [
        0.0,
        1.0718380212783813,
        -0.029013000428676605
    ],
    "right_back": [
        -0.03602299839258194,
        1.0694719552993774,
        -0.03113899938762188
    ],
    "middle_middle_back": [
        0.0,
        0.9946590065956116,
        -0.054728999733924866
    ],
    "left_down_back": [
        0.05180700123310089,
        0.7917190194129944,
        -0.025856999680399895
    ],
    "middle_down_back": [
        0.0,
        0.7915629744529724,
        -0.026272999122738838
    ],
    "right_down_back": [
        -0.05179699882864952,
        0.7917190194129944,
        -0.025856999680399895
    ],
    "front_left_head": [
        0.0393030010163784,
        1.239406943321228,
        0.09747599810361862
    ],
    "front_right_head": [
        -0.0393030010163784,
        1.239406943321228,
        0.09747599810361862
    ],
    "top_head": [
        0.0,
        1.2968310117721558,
        0.02432600036263466
    ],
    "top_left_arm": [
        0.16803300380706787,
        1.0062940120697021,
        -0.015438999980688095
    ],
    "outter_left_elbow": [
        0.23842400312423706,
        0.9675490260124207,
        -0.0077749998308718204
    ],
    "inner_left_elbow": [
        0.21674500405788422,
        0.9339190125465393,
        0.0026859999634325504
    ],
    "lower_left_arm": [
        0.3012849986553192,
        0.924718976020813,
        -0.01321099977940321
    ],
    "front_left_wrist": [
        0.3640429973602295,
        0.8593840003013611,
        0.010600999929010868
    ],
    "back_left_wrist": [
        0.36656200885772705,
        0.8670510053634644,
        -0.03245199844241142
    ],
    "top_right_arm": [
        -0.16803300380706787,
        1.0062940120697021,
        -0.015438999980688095
    ],
    "outter_right_elbow": [
        -0.23842400312423706,
        0.9675490260124207,
        -0.0077749998308718204
    ],
    "inner_right_elbow": [
        -0.21630099415779114,
        0.9312360286712646,
        -0.0070489998906850815
    ],
    "lower_right_arm": [
        -0.3012849986553192,
        0.924718976020813,
        -0.01321099977940321
    ],
    "front_right_wrist": [
        -0.3656960129737854,
        0.8562700152397156,
        0.009631999768316746
    ],
    "back_right_wrist": [
        -0.3605459928512573,
        0.8595470190048218,
        -0.03340199962258339
    ],
    "left_upper_leg": [
        0.12913699448108673,
        0.5595309734344482,
        0.02356800064444542
    ],
    "left_outter_knee": [
        0.12037499994039536,
        0.3894299864768982,
        0.0061160000041127205
    ],
    "left_inner_knee": [
        0.04849899932742119,
        0.38383400440216064,
        0.01941699907183647
    ],
    "left_lower_leg": [
        0.14538000524044037,
        0.20508000254631042,
        -0.01885100081562996
    ],
    "left_ankle": [
        0.16394199430942535,
        0.04752400144934654,
        -0.008119000121951103
    ],
    "left_front_foot": [
        0.1250859946012497,
        0.04057399928569794,
        0.08352900296449661
    ],
    "left_back_foot": [
        0.11415299773216248,
        0.03576299920678139,
        -0.0770450010895729
    ],
    "right_upper_leg": [
        -0.12913699448108673,
        0.5595309734344482,
        0.023569000884890556
    ],
    "right_outter_knee": [
        -0.11915399879217148,
        0.40525299310684204,
        0.008528999984264374
    ],
    "right_inner_knee": [
        -0.04648200049996376,
        0.40072500705718994,
        0.022067999467253685
    ],
    "right_lower_leg": [
        -0.14538000524044037,
        0.20508000254631042,
        -0.018850000575184822
    ],
    "right_ankle": [
        -0.16145700216293335,
        0.0463780015707016,
        -0.032489001750946045
    ],
    "right_front_foot": [
        -0.1250859946012497,
        0.04057399928569794,
        0.0835300013422966
    ],
    "right_back_foot": [
        -0.11415299773216248,
        0.03576299920678139,
        -0.07704400271177292
    ],
    "inner_top_left_leg": [
        0.017456000670790672,
        0.5565729737281799,
        0.016999000683426857
    ],
    "inner_top_right_leg": [
        -0.017456000670790672,
        0.5565729737281799,
        0.017000000923871994
    ]
}