{
    "left_chest": [
        -0.06056699901819229,
        1.2957019805908203,
        0.05093799903988838
    ],
    "middle_chest": [
        0.0,
        1.2918800115585327,
        0.03596099838614464
    ],
    "right_chest": [
        0.06056699901819229,
        1.2957019805908203,
        0.05093799903988838
    ],
    "middle_middle_chest": [
        0.0,
        1.240820050239563,
        -0.024802999570965767
    ],
    "left_waist": [
        -0.06280399858951569,
        1.1019099950790405,
        -0.016587000340223312
    ],
    "right_waist": [
        0.06280499696731567,
        1.1019099950790405,
        -0.016587000340223312
    ],
    "middle_waist": [
        0.0,
        1.1030069589614868,
        -0.04157000035047531
    ],
    "left_back": [
        -0.06654500216245651,
        1.2893270254135132,
        0.14289699494838715
    ],
    "middle_back": [
        -0.0,
        1.2945259809494019,
        0.133650004863739
    ],
    "right_back": [
        0.06654500216245651,
        1.2893270254135132,
        0.14289699494838715
    ],
    "middle_middle_back": [
        -0.0,
        1.206676959991455,
        0.11658699810504913
    ],
    "left_down_back": [
        -0.05147799849510193,
        1.0953240394592285,
        0.07308399677276611
    ],
    "middle_down_back": [
        3.999999989900971e-06,
        1.093000054359436,
        0.08694200217723846
    ],
    "right_down_back": [
        0.05596400052309036,
        1.096045970916748,
        0.0706700012087822
    ],
    "front_left_head": [
        -0.024670999497175217,
        1.5432599782943726,
        -0.024118000641465187
    ],
    "front_right_head": [
        0.02265300042927265,
        1.541674017906189,
        -0.024126000702381134
    ],
    "top_head": [
        -0.0,
        1.5834330320358276,
        0.018283000215888023
    ],
    "back_left_head": [
        -0.059342000633478165,
        1.5671659708023071,
        0.13295799493789673
    ],
    "back_right_head": [
        0.059342000633478165,
        1.5671659708023071,
        0.13295799493789673
    ],
    "top_left_arm": [
        -0.1441980004310608,
        1.174936056137085,
        0.12028799951076508
    ],
    "outter_left_elbow": [
        -0.15975899994373322,
        1.060897946357727,
        0.12858599424362183
    ],
    "inner_left_elbow": [
        -0.11689600348472595,
        1.0515350103378296,
        0.09826000034809113
    ],
    "lower_left_arm": [
        -0.20169000327587128,
        0.9735479950904846,
        0.10700400173664093
    ],
    "front_left_wrist": [
        -0.21910899877548218,
        0.8795850276947021,
        0.05372999981045723
    ],
    "back_left_wrist": [
        -0.22559800744056702,
        0.8705210089683533,
        0.09644900262355804
    ],
    "top_right_arm": [
        0.13944999873638153,
        1.203042984008789,
        0.11753500252962112
    ],
    "outter_right_elbow": [
        0.15978699922561646,
        1.0609040260314941,
        0.1285949945449829
    ],
    "inner_right_elbow": [
        0.11692500114440918,
        1.0515400171279907,
        0.09826900064945221
    ],
    "lower_right_arm": [
        0.2017190009355545,
        0.9735540151596069,
        0.10701300203800201
    ],
    "front_right_wrist": [
        0.22136199474334717,
        0.8784329891204834,
        0.049557000398635864
    ],
    "back_right_wrist": [
        0.2187889963388443,
        0.8651970028877258,
        0.09894700348377228
    ],
    "left_upper_leg": [
        -0.12419500201940536,
        0.7209889888763428,
        0.03343300148844719
    ],
    "left_outter_knee": [
        -0.07791700214147568,
        0.5143370032310486,
        0.04202499985694885
    ],
    "left_inner_knee": [
        0.00018699999782256782,
        0.5128769874572754,
        0.047228001058101654
    ],
    "left_lower_leg": [
        -0.08750300109386444,
        0.3575339913368225,
        0.13002599775791168
    ],
    "left_ankle": [
        -0.058410000056028366,
        0.11389400064945221,
        0.2283249944448471
    ],
    "left_front_foot": [
        -0.03247800096869469,
        0.02629300020635128,
        0.0940999984741211
    ],
    "left_back_foot": [
        -0.03254599869251251,
        0.09448999911546707,
        0.2703869938850403
    ],
    "right_upper_leg": [
        0.11624699831008911,
        0.7004609704017639,
        -0.07597299665212631
    ],
    "right_outter_knee": [
        0.08402399718761444,
        0.5748810172080994,
        -0.14691999554634094
    ],
    "right_inner_knee": [
        0.0009190000128000975,
        0.567546010017395,
        -0.15145300328731537
    ],
    "right_lower_leg": [
        0.0850600004196167,
        0.3753589987754822,
        -0.1083339974284172
    ],
    "right_ankle": [
        0.05224600061774254,
        0.11294200271368027,
        -0.08334100246429443
    ],
    "right_front_foot": [
        0.016341999173164368,
        0.026573000475764275,
        -0.2173900008201599
    ],
    "right_back_foot": [
        0.02545900084078312,
        0.08034300059080124,
        -0.037268999963998795
    ],
    "inner_top_left_leg": [
        -0.013042000122368336,
        0.6917979717254639,
        0.002819000044837594
    ],
    "inner_top_right_leg": [
        0.007488999981433153,
        0.7413719892501831,
        -0.05368800088763237
    ]
}